[{"model": "auth.user", "pk": 0, "fields": {"username": "CuzRnk3r", "email": "gibajfaffkaf@dmail.com", "password": "xaK5iiEcd6z00j6y0rzQ"}}, {"model": "auth.user", "pk": 1, "fields": {"username": "OWPQulchv5PZ", "email": "ceflbgejeeagf@bmail.com", "password": "zbDQvMyXtqhL0GfeUOiMCUziLM"}}, {"model": "auth.user", "pk": 2, "fields": {"username": "ANEg0pZ", "email": "fihjfiigigbabe@dmail.com", "password": "ki4capIkDTUoyeTfKnN2u7"}}, {"model": "auth.user", "pk": 3, "fields": {"username": "VTI0I69u48v", "email": "ijldicddhdalj@hmail.com", "password": "0bVY4dlEhP"}}, {"model": "auth.user", "pk": 4, "fields": {"username": "T1hYpKoTXX8BV", "email": "iecbk@hmail.com", "password": "qH6IBTsJwH5EKnOneyimCyQ"}}, {"model": "auth.user", "pk": 5, "fields": {"username": "XMXwiiVjtBXsK", "email": "ladlbifhg@hmail.com", "password": "vKpvAAImLbvCzxtPatc3j2"}}, {"model": "auth.user", "pk": 6, "fields": {"username": "E71qnccAgqb", "email": "hajjjjkjjlgfdc@bmail.com", "password": "qtdpSFbg7vlFXt"}}, {"model": "auth.user", "pk": 7, "fields": {"username": "CxzYh0XFUus", "email": "ifabceihefaecgg@amail.com", "password": "DsrGVUUmUXaei"}}, {"model": "auth.user", "pk": 8, "fields": {"username": "smjEEtjsSwl", "email": "kglgidlffikhebe@dmail.com", "password": "QDZ7kRLQyDNQ6v"}}, {"model": "auth.user", "pk": 9, "fields": {"username": "HSSOlB11kKKnV", "email": "jfkldglckljd@fmail.com", "password": "cAzplR7JheM"}}, {"model": "auth.user", "pk": 10, "fields": {"username": "DPm61", "email": "gabbgche@amail.com", "password": "Ba4UAa1ZGdIVelVpA1"}}, {"model": "auth.user", "pk": 11, "fields": {"username": "GX687w4CDL4", "email": "jhdjjaeaf@fmail.com", "password": "7syWYJEPDLE2jb"}}, {"model": "auth.user", "pk": 12, "fields": {"username": "wouAQiM5", "email": "lbhcbbdd@fmail.com", "password": "iBNKk5C1UzLz5VL9mSjKm1mf8d"}}, {"model": "auth.user", "pk": 13, "fields": {"username": "o4PFL4azGsnHtR", "email": "ialjfidfbgeee@cmail.com", "password": "gGXrXrCsL1JKsu"}}, {"model": "auth.user", "pk": 14, "fields": {"username": "QSpzucmj", "email": "bdkdjdc@dmail.com", "password": "VmgfnLXrVSGh9bpJxpeccWTc7"}}, {"model": "auth.user", "pk": 15, "fields": {"username": "GaHBvrrTxN", "email": "khbaeabe@amail.com", "password": "vnuMduaXu4fVSDVs2fk"}}, {"model": "auth.user", "pk": 16, "fields": {"username": "ZtpRsOz6jnGZS", "email": "icfjjfbjbghbcb@amail.com", "password": "v7Axdeo1JLVdIEYD4"}}, {"model": "auth.user", "pk": 17, "fields": {"username": "UQ7wTF4", "email": "gbdgk@fmail.com", "password": "kUSpRoELxL0hhik9QGb3rx3e"}}, {"model": "auth.user", "pk": 18, "fields": {"username": "P10shXl1ueh86", "email": "ddfbhggdcafglhl@cmail.com", "password": "JMFEPZilAoBgh19OPDaK"}}, {"model": "auth.user", "pk": 19, "fields": {"username": "5q9i0MSpx1", "email": "jhcjlhfjbhlbaee@cmail.com", "password": "tlDmeABFZdtn9a9xxCWwuCA"}}, {"model": "auth.user", "pk": 20, "fields": {"username": "aAa0DXWd4cbEzPc", "email": "hdglglgjfeh@amail.com", "password": "yKg1RnxPRIi3xtkbnAjaw"}}, {"model": "auth.user", "pk": 21, "fields": {"username": "Wjg4fKGWXom", "email": "flhehfehabhl@fmail.com", "password": "Nso6cgySN4sG6I7ES3MtVBsrC"}}, {"model": "auth.user", "pk": 22, "fields": {"username": "6tgwMOwYUGLFdeg", "email": "bckgakafbicakbe@cmail.com", "password": "xqcFOYa4hEKxSaNxHgweel1"}}, {"model": "auth.user", "pk": 23, "fields": {"username": "vQkAL2v2ncU8Gi", "email": "ajkghfeeh@fmail.com", "password": "jvIMXEg6TOWCYMVpgehTV"}}, {"model": "auth.user", "pk": 24, "fields": {"username": "QX2xx3skZ7DP", "email": "bkheif@bmail.com", "password": "eJPXPzKX0lI"}}, {"model": "auth.user", "pk": 25, "fields": {"username": "zhtCkaV0", "email": "ljdklgjcedbi@amail.com", "password": "hRhEysM"}}, {"model": "auth.user", "pk": 26, "fields": {"username": "xnQN4a5mRmLIm", "email": "celfikajg@amail.com", "password": "UoLYD6"}}, {"model": "auth.user", "pk": 27, "fields": {"username": "PVRUm3", "email": "fjcjehefkf@fmail.com", "password": "bvWvS3SOytqpz3dJqE"}}, {"model": "auth.user", "pk": 28, "fields": {"username": "fMIVsWIqyBl7i", "email": "jfalcbihc@dmail.com", "password": "Swmf46vZFJEutyoOLi"}}, {"model": "auth.user", "pk": 29, "fields": {"username": "xqSTXd", "email": "lahbg@fmail.com", "password": "1B5zrBLoMApyc"}}, {"model": "auth.user", "pk": 30, "fields": {"username": "K5MWOMlWm6Ylqx", "email": "kejgdifdkjhdj@cmail.com", "password": "d0y0AsnNXOG66SAWWe1"}}, {"model": "auth.user", "pk": 31, "fields": {"username": "L9CY3IXCa", "email": "beggbckdlhikbfb@fmail.com", "password": "WnskeeJ5xemtw"}}, {"model": "auth.user", "pk": 32, "fields": {"username": "BgzfxBdP9", "email": "fchfggkkaibbeg@bmail.com", "password": "EgzqHqkx"}}, {"model": "auth.user", "pk": 33, "fields": {"username": "fsq6x", "email": "hchbkfadeieblj@dmail.com", "password": "eJ10mUUj"}}, {"model": "auth.user", "pk": 34, "fields": {"username": "BBmQ7yLQrdP34", "email": "ljfed@bmail.com", "password": "gFIq7KSj1yBvcZLeo1"}}, {"model": "auth.user", "pk": 35, "fields": {"username": "72a3QsYW", "email": "chlbea@amail.com", "password": "7eZVMBqi"}}, {"model": "auth.user", "pk": 36, "fields": {"username": "m5Xlzf", "email": "jbffbk@fmail.com", "password": "KRK3Xs"}}, {"model": "auth.user", "pk": 37, "fields": {"username": "RRBBD1yXhiR0Y", "email": "gkbahaka@hmail.com", "password": "jKO4bs2hrhQ7fZ7mSuk3H"}}, {"model": "auth.user", "pk": 38, "fields": {"username": "3yGqn8DTh9k", "email": "fcadaf@amail.com", "password": "HyBPM6vjJhlmx8py"}}, {"model": "auth.user", "pk": 39, "fields": {"username": "BT39UeHg4", "email": "gkjgjcbfl@hmail.com", "password": "RCoapDoIpI93q5H"}}, {"model": "auth.user", "pk": 40, "fields": {"username": "vJ6Nzra0bT", "email": "jlbfigdckehjag@amail.com", "password": "kdMAH5kalcrhHKj0AYmAR2cS7h"}}, {"model": "auth.user", "pk": 41, "fields": {"username": "hAqch8", "email": "lhgeckkkjflaia@dmail.com", "password": "M6QGIcw"}}, {"model": "auth.user", "pk": 42, "fields": {"username": "H2TP24Rb8lxUsv", "email": "afekgjljhcjge@bmail.com", "password": "lH84DowcKqVUq0pBiVb"}}, {"model": "auth.user", "pk": 43, "fields": {"username": "drksdHxgz", "email": "hkkcibckgdbgb@amail.com", "password": "uPjvKvoE8r3y"}}, {"model": "auth.user", "pk": 44, "fields": {"username": "AjCPF86gDBbW", "email": "klaakldbgejf@hmail.com", "password": "V2AfXznFENLvK"}}, {"model": "auth.user", "pk": 45, "fields": {"username": "4BAiWRb6BQ2jRvw", "email": "efbbkdabjk@hmail.com", "password": "GxavZNyO5oKhTU"}}, {"model": "auth.user", "pk": 46, "fields": {"username": "BqKOSWAwRCNAGtb", "email": "chffidb@dmail.com", "password": "zzaKQwVppxV7kXhLEob"}}, {"model": "auth.user", "pk": 47, "fields": {"username": "WYh0cBsowU", "email": "icblbeha@amail.com", "password": "n0ljgZ8eCpduAxjbB1adIm99V"}}, {"model": "auth.user", "pk": 48, "fields": {"username": "iSCGFQ", "email": "ldeklaighh@fmail.com", "password": "v73Tjw1m0qeedvxc9UYka3"}}, {"model": "auth.user", "pk": 49, "fields": {"username": "aTaVm8B5", "email": "fckkgb@cmail.com", "password": "wlqoP0LVVQnU"}}, {"model": "auth.user", "pk": 50, "fields": {"username": "oVJpz2K2W2My", "email": "hbfdgakiafgbi@hmail.com", "password": "fJ7E2uVGh2G1fYs4lJgI"}}, {"model": "yaas.Auction", "pk": 0, "fields": {"seller": 5, "title": "SnZ8z", "description": "qYeuu81NWSNGxRZW23yRkaZMqzbU1cBcQ5S4flNCcH6r", "minimum_price": 2, "deadline": "2018-01-27 01:25:50.800482+00:00", "lifecycle": "A", "lock": false, "lock_timestamp": null}}, {"model": "yaas.Auction", "pk": 1, "fields": {"seller": 31, "title": "zZXHN2", "description": "tNEOotMQXpZRyYu9XI33VMQXLZCgO3WjGKQaECybIgFm", "minimum_price": 4, "deadline": "2018-02-19 01:25:50.800983+00:00", "lifecycle": "B", "lock": false, "lock_timestamp": null}}, {"model": "yaas.Auction", "pk": 2, "fields": {"seller": 8, "title": "MUw2cJLWGDwz", "description": "0iuYUuzzqS2zxHcnooFWPmlWTuf7NueiBQ", "minimum_price": 3, "deadline": "2018-02-01 01:25:50.800983+00:00", "lifecycle": "A", "lock": false, "lock_timestamp": null}}, {"model": "yaas.Auction", "pk": 3, "fields": {"seller": 19, "title": "1vmup", "description": "10Kfra5zAq71jH5TaKlDcje1TGXgyycGujIgUEsFxbtZqv", "minimum_price": 4, "deadline": "2018-02-01 01:25:50.800983+00:00", "lifecycle": "A", "lock": false, "lock_timestamp": null}}, {"model": "yaas.Auction", "pk": 4, "fields": {"seller": 28, "title": "clZuYhpOT", "description": "O4wIyWWM99bXYWE9pVVEEhoFUha", "minimum_price": 4, "deadline": "2018-02-07 01:25:50.801483+00:00", "lifecycle": "B", "lock": false, "lock_timestamp": null}}, {"model": "yaas.Auction", "pk": 5, "fields": {"seller": 12, "title": "EABjso", "description": "MqkEVoMwS4LbW1aDCkIdnss", "minimum_price": 1, "deadline": "2018-02-06 01:25:50.801483+00:00", "lifecycle": "A", "lock": false, "lock_timestamp": null}}, {"model": "yaas.Auction", "pk": 6, "fields": {"seller": 47, "title": "gJwYDdiTn2ME", "description": "VVGRRs33wyqDJ7jKBAmm5", "minimum_price": 1, "deadline": "2018-02-14 01:25:50.801483+00:00", "lifecycle": "A", "lock": false, "lock_timestamp": null}}, {"model": "yaas.Auction", "pk": 7, "fields": {"seller": 17, "title": "w3XHnzioknSoA0", "description": "eqoX8VnLPi2tpF8DUOBnBBb7rt5MyfsLti6hTK3", "minimum_price": 4, "deadline": "2018-02-01 01:25:50.801983+00:00", "lifecycle": "B", "lock": false, "lock_timestamp": null}}, {"model": "yaas.Auction", "pk": 8, "fields": {"seller": 16, "title": "Tz7J4lnyuh76fA", "description": "nMtJzjgKI81U8DlivJMb54rfofQnrwcA", "minimum_price": 2, "deadline": "2018-02-06 01:25:50.801983+00:00", "lifecycle": "B", "lock": false, "lock_timestamp": null}}, {"model": "yaas.Auction", "pk": 9, "fields": {"seller": 5, "title": "tL1DxlUyNlH5b2m", "description": "q6wcZAY1AzAVZV1JdrS0g3GRqCEsMZxEWmg0FERrc", "minimum_price": 5, "deadline": "2018-01-31 01:25:50.801983+00:00", "lifecycle": "A", "lock": false, "lock_timestamp": null}}, {"model": "yaas.Auction", "pk": 10, "fields": {"seller": 20, "title": "zb6JS0mrv6", "description": "Prh1oWTlABrXP89CDczUHaIXDymc60a4MzSxLDLncOUh", "minimum_price": 2, "deadline": "2018-02-14 01:25:50.802486+00:00", "lifecycle": "A", "lock": false, "lock_timestamp": null}}, {"model": "yaas.Auction", "pk": 11, "fields": {"seller": 26, "title": "qVFm3plWLZ", "description": "RPfE5oIQxRISuoRSQ6iUMokXDmRZ5mPkEFNX82QY58Kkc", "minimum_price": 3, "deadline": "2018-02-18 01:25:50.802486+00:00", "lifecycle": "A", "lock": false, "lock_timestamp": null}}, {"model": "yaas.Auction", "pk": 12, "fields": {"seller": 33, "title": "p8zXe6", "description": "QHvdeA47hfXnge8VW6nk3bgLUMUoXXlmgn9rwV", "minimum_price": 3, "deadline": "2018-01-29 01:25:50.802986+00:00", "lifecycle": "B", "lock": false, "lock_timestamp": null}}, {"model": "yaas.Auction", "pk": 13, "fields": {"seller": 27, "title": "KKNKVlJxssGnGuS", "description": "HzDY2ZglA2ffLqiBvCadwNhcJpAiqMaTdI", "minimum_price": 2, "deadline": "2018-02-02 01:25:50.802986+00:00", "lifecycle": "B", "lock": false, "lock_timestamp": null}}, {"model": "yaas.Auction", "pk": 14, "fields": {"seller": 29, "title": "9trj3Wusu6c2h1", "description": "wSjmIcpiYSNTgzbeyfDStnro5BgjwJtcA9LeVNX4PL", "minimum_price": 2, "deadline": "2018-02-06 01:25:50.802986+00:00", "lifecycle": "B", "lock": false, "lock_timestamp": null}}, {"model": "yaas.Auction", "pk": 15, "fields": {"seller": 46, "title": "My0YdX", "description": "MlU70pEOESaaOCKJbWAzuX2Kp4Cugz5VGDRr", "minimum_price": 4, "deadline": "2018-02-16 01:25:50.803486+00:00", "lifecycle": "B", "lock": false, "lock_timestamp": null}}, {"model": "yaas.Auction", "pk": 16, "fields": {"seller": 1, "title": "andA8T", "description": "fM6kxRUZbhHv38l0Djx2OUTpK4rpS252VEX8VQA", "minimum_price": 2, "deadline": "2018-01-26 01:25:50.803486+00:00", "lifecycle": "A", "lock": false, "lock_timestamp": null}}, {"model": "yaas.Auction", "pk": 17, "fields": {"seller": 6, "title": "xhtIlow3hB", "description": "3tZBIE6XTqqgvgqLR8Mh3ArNFkm5YpEBNT739NpS4sq", "minimum_price": 5, "deadline": "2018-01-30 01:25:50.803486+00:00", "lifecycle": "A", "lock": false, "lock_timestamp": null}}, {"model": "yaas.Auction", "pk": 18, "fields": {"seller": 36, "title": "VPRsONc50WP", "description": "N4NORdr3O6vAIh1NJt0DTjw3nzzen9PAkt3LUrZL62CvWglxVY", "minimum_price": 4, "deadline": "2018-01-29 01:25:50.803986+00:00", "lifecycle": "A", "lock": false, "lock_timestamp": null}}, {"model": "yaas.Auction", "pk": 19, "fields": {"seller": 23, "title": "sYkfCd8qJXLho", "description": "BiVUcoM3Rmgm15fPrfTkw4TCafJV6ThBWuzFb64SJFpEn674k", "minimum_price": 1, "deadline": "2018-02-14 01:25:50.803986+00:00", "lifecycle": "A", "lock": false, "lock_timestamp": null}}, {"model": "yaas.Auction", "pk": 20, "fields": {"seller": 28, "title": "r0PouB", "description": "kJ9AZU0PbmtCevGqlUWg805CfDBp", "minimum_price": 2, "deadline": "2018-02-10 01:25:50.803986+00:00", "lifecycle": "A", "lock": false, "lock_timestamp": null}}, {"model": "yaas.Auction", "pk": 21, "fields": {"seller": 1, "title": "OIXe4QUb7eeF", "description": "DfD5fn3lECExDTAybYiYqdNe8cG444Vc23wFImVP31p4fp", "minimum_price": 1, "deadline": "2018-02-20 01:25:50.804487+00:00", "lifecycle": "B", "lock": false, "lock_timestamp": null}}, {"model": "yaas.Auction", "pk": 22, "fields": {"seller": 22, "title": "gNfQHW0zi", "description": "khn4DEbKxSo4ZgXAPhjJSHHelcEO", "minimum_price": 1, "deadline": "2018-02-12 01:25:50.804487+00:00", "lifecycle": "B", "lock": false, "lock_timestamp": null}}, {"model": "yaas.Auction", "pk": 23, "fields": {"seller": 15, "title": "ZHt1mBND6", "description": "Yx2a1yd7RU1UL5oZejBQks5TKVxZaei66xy", "minimum_price": 2, "deadline": "2018-01-28 01:25:50.804987+00:00", "lifecycle": "B", "lock": false, "lock_timestamp": null}}, {"model": "yaas.Auction", "pk": 24, "fields": {"seller": 28, "title": "wEuV3BdyYr6dP", "description": "VlV7UIuvFtfALJQASGulj003n", "minimum_price": 5, "deadline": "2018-02-20 01:25:50.804987+00:00", "lifecycle": "B", "lock": false, "lock_timestamp": null}}, {"model": "yaas.Auction", "pk": 25, "fields": {"seller": 25, "title": "MbaDO468", "description": "rMrq2tot74UOCmV9PvJLeuLnMnk3MUK10ZGYNKhBtQmG", "minimum_price": 3, "deadline": "2018-01-26 01:25:50.804987+00:00", "lifecycle": "B", "lock": false, "lock_timestamp": null}}, {"model": "yaas.Auction", "pk": 26, "fields": {"seller": 31, "title": "RMM9DrpFM3vCd", "description": "hrkEf44ukO4a4uaGW", "minimum_price": 1, "deadline": "2018-02-09 01:25:50.805487+00:00", "lifecycle": "A", "lock": false, "lock_timestamp": null}}, {"model": "yaas.Auction", "pk": 27, "fields": {"seller": 11, "title": "Hp3KeR9QAiBly", "description": "FLMyqW9VkVFqt", "minimum_price": 2, "deadline": "2018-02-14 01:25:50.805487+00:00", "lifecycle": "B", "lock": false, "lock_timestamp": null}}, {"model": "yaas.Auction", "pk": 28, "fields": {"seller": 24, "title": "DK4eAKlrY", "description": "rbUjPNec7wh8NYejN8vU6E7w5wTO2049ZZdhgaY3KS7UCuY", "minimum_price": 3, "deadline": "2018-02-16 01:25:50.805487+00:00", "lifecycle": "A", "lock": false, "lock_timestamp": null}}, {"model": "yaas.Auction", "pk": 29, "fields": {"seller": 0, "title": "QkIvwN4of", "description": "zVDiggObass", "minimum_price": 1, "deadline": "2018-02-10 01:25:50.805487+00:00", "lifecycle": "B", "lock": false, "lock_timestamp": null}}, {"model": "yaas.Auction", "pk": 30, "fields": {"seller": 7, "title": "oMTuaUk", "description": "miCus7oRUeyU88DCRixSFUkD1Rgq1XaPJuNbIj", "minimum_price": 5, "deadline": "2018-02-16 01:25:50.805988+00:00", "lifecycle": "A", "lock": false, "lock_timestamp": null}}, {"model": "yaas.Auction", "pk": 31, "fields": {"seller": 40, "title": "4kvOuyMVW", "description": "Myv8Rmft8FPiYSW7LhUEu8TmM9wq", "minimum_price": 5, "deadline": "2018-01-27 01:25:50.805988+00:00", "lifecycle": "A", "lock": false, "lock_timestamp": null}}, {"model": "yaas.Auction", "pk": 32, "fields": {"seller": 47, "title": "Ncd3lObUlQwW", "description": "glHSupp0q56A87iOt6aGk1", "minimum_price": 3, "deadline": "2018-02-11 01:25:50.805988+00:00", "lifecycle": "A", "lock": false, "lock_timestamp": null}}, {"model": "yaas.Auction", "pk": 33, "fields": {"seller": 47, "title": "cFXvfZRx", "description": "XimYza35eL", "minimum_price": 3, "deadline": "2018-02-04 01:25:50.806488+00:00", "lifecycle": "B", "lock": false, "lock_timestamp": null}}, {"model": "yaas.Auction", "pk": 34, "fields": {"seller": 38, "title": "4RJUILwd", "description": "J75BLeBZnZB5eV1pVXyLVw5mc1Xe9I8J", "minimum_price": 2, "deadline": "2018-02-17 01:25:50.806488+00:00", "lifecycle": "A", "lock": false, "lock_timestamp": null}}, {"model": "yaas.Auction", "pk": 35, "fields": {"seller": 34, "title": "qagQD", "description": "CxV39L4bqEBo5Up", "minimum_price": 5, "deadline": "2018-02-01 01:25:50.806488+00:00", "lifecycle": "B", "lock": false, "lock_timestamp": null}}, {"model": "yaas.Auction", "pk": 36, "fields": {"seller": 5, "title": "0GbDP3E", "description": "Sz9TnaaFrP33AFK4YuLe05Ix8DdT", "minimum_price": 4, "deadline": "2018-01-29 01:25:50.806488+00:00", "lifecycle": "A", "lock": false, "lock_timestamp": null}}, {"model": "yaas.Auction", "pk": 37, "fields": {"seller": 48, "title": "JXB2zMs8o", "description": "KomtaLMn4UnzoZDFXOUtbJyihnB9", "minimum_price": 5, "deadline": "2018-01-30 01:25:50.806989+00:00", "lifecycle": "B", "lock": false, "lock_timestamp": null}}, {"model": "yaas.Auction", "pk": 38, "fields": {"seller": 22, "title": "70Xqt1RLA", "description": "xksLaBlT8TR5YE7MlJQuCJGkqW9Izp636", "minimum_price": 3, "deadline": "2018-01-27 01:25:50.806989+00:00", "lifecycle": "A", "lock": false, "lock_timestamp": null}}, {"model": "yaas.Auction", "pk": 39, "fields": {"seller": 23, "title": "RgartyXq84", "description": "7A1osoNQ8Zide3JB13mqVXDk7Gh6YplslArw", "minimum_price": 1, "deadline": "2018-01-26 01:25:50.806989+00:00", "lifecycle": "B", "lock": false, "lock_timestamp": null}}, {"model": "yaas.Auction", "pk": 40, "fields": {"seller": 38, "title": "v9ufgpV1y8", "description": "ZNQvPykBec49FTX3KLf9ZgAEVdIqhuMmmze5ZdX7yPKq", "minimum_price": 4, "deadline": "2018-02-03 01:25:50.807489+00:00", "lifecycle": "A", "lock": false, "lock_timestamp": null}}, {"model": "yaas.Auction", "pk": 41, "fields": {"seller": 12, "title": "Wifw2Wp1DA3KVON", "description": "rxJK9s6Exe6pCjrAKBdHYu", "minimum_price": 5, "deadline": "2018-02-05 01:25:50.807489+00:00", "lifecycle": "B", "lock": false, "lock_timestamp": null}}, {"model": "yaas.Auction", "pk": 42, "fields": {"seller": 17, "title": "vON6d5", "description": "jlmqwiPVGjw1LXvcXSHh1Nw423merwJv90A0UfFNCRUyRb6Qk", "minimum_price": 4, "deadline": "2018-02-18 01:25:50.807989+00:00", "lifecycle": "A", "lock": false, "lock_timestamp": null}}, {"model": "yaas.Auction", "pk": 43, "fields": {"seller": 11, "title": "qn3vyk82", "description": "2EBwhCS6xhXvxOl2oAujNXSGO4TO5POlU", "minimum_price": 5, "deadline": "2018-01-27 01:25:50.807989+00:00", "lifecycle": "B", "lock": false, "lock_timestamp": null}}, {"model": "yaas.Auction", "pk": 44, "fields": {"seller": 35, "title": "kpajSHhZzP", "description": "OtuK0275maehS2lYELn63IgOy1KaVMjAQUPqnnDDY", "minimum_price": 1, "deadline": "2018-02-06 01:25:50.807989+00:00", "lifecycle": "B", "lock": false, "lock_timestamp": null}}, {"model": "yaas.Auction", "pk": 45, "fields": {"seller": 41, "title": "KHCdrbFwf", "description": "bbTwfiwat0ttNG4CY2Sa7P5wnozWD", "minimum_price": 5, "deadline": "2018-02-03 01:25:50.807989+00:00", "lifecycle": "B", "lock": false, "lock_timestamp": null}}, {"model": "yaas.Auction", "pk": 46, "fields": {"seller": 40, "title": "pwgdht", "description": "fo3qgtxonLKA7CQbcl2MKFQVHi6f4ih9IXPIpWJl6tPfRdwXT", "minimum_price": 2, "deadline": "2018-02-06 01:25:50.808489+00:00", "lifecycle": "B", "lock": false, "lock_timestamp": null}}, {"model": "yaas.Auction", "pk": 47, "fields": {"seller": 38, "title": "9LSwuTRXPzWzKC", "description": "gYQ9Tt10iXDlyc3claBmhtrMnHTCLm7SJSs", "minimum_price": 4, "deadline": "2018-02-17 01:25:50.808489+00:00", "lifecycle": "B", "lock": false, "lock_timestamp": null}}, {"model": "yaas.Auction", "pk": 48, "fields": {"seller": 27, "title": "tXoc1oNfYislq", "description": "SlFwfoDLbWz5J1t6J8jA", "minimum_price": 1, "deadline": "2018-01-31 01:25:50.808489+00:00", "lifecycle": "B", "lock": false, "lock_timestamp": null}}, {"model": "yaas.Auction", "pk": 49, "fields": {"seller": 22, "title": "Pprn0AufVXQFGb", "description": "MxZ87UeMSBQfNffoz", "minimum_price": 4, "deadline": "2018-02-19 01:25:50.808990+00:00", "lifecycle": "A", "lock": false, "lock_timestamp": null}}, {"model": "yaas.Auction", "pk": 50, "fields": {"seller": 1, "title": "bSCUjy6Av36O", "description": "THsTVcP6Yfs3007N71lGQT8cewn", "minimum_price": 2, "deadline": "2018-02-08 01:25:50.808990+00:00", "lifecycle": "B", "lock": false, "lock_timestamp": null}}, {"model": "yaas.Bid", "pk": 0, "fields": {"auction": 0, "user": 23, "amount": 248, "status": "L"}}, {"model": "yaas.Bid", "pk": 1, "fields": {"auction": 1, "user": 21, "amount": 236, "status": "L"}}, {"model": "yaas.Bid", "pk": 2, "fields": {"auction": 2, "user": 40, "amount": 130, "status": "L"}}, {"model": "yaas.Bid", "pk": 3, "fields": {"auction": 3, "user": 0, "amount": 9, "status": "L"}}, {"model": "yaas.Bid", "pk": 4, "fields": {"auction": 4, "user": 12, "amount": 305, "status": "L"}}, {"model": "yaas.Bid", "pk": 5, "fields": {"auction": 5, "user": 50, "amount": 934, "status": "W"}}, {"model": "yaas.Bid", "pk": 0, "fields": {"auction": 0, "user": 26, "amount": 527, "status": "L"}}, {"model": "yaas.Bid", "pk": 1, "fields": {"auction": 1, "user": 8, "amount": 419, "status": "L"}}, {"model": "yaas.Bid", "pk": 2, "fields": {"auction": 2, "user": 34, "amount": 461, "status": "L"}}, {"model": "yaas.Bid", "pk": 3, "fields": {"auction": 3, "user": 22, "amount": 531, "status": "L"}}, {"model": "yaas.Bid", "pk": 4, "fields": {"auction": 4, "user": 21, "amount": 466, "status": "L"}}, {"model": "yaas.Bid", "pk": 5, "fields": {"auction": 5, "user": 32, "amount": 678, "status": "L"}}, {"model": "yaas.Bid", "pk": 6, "fields": {"auction": 6, "user": 3, "amount": 402, "status": "L"}}, {"model": "yaas.Bid", "pk": 7, "fields": {"auction": 7, "user": 15, "amount": 918, "status": "W"}}, {"model": "yaas.Bid", "pk": 0, "fields": {"auction": 0, "user": 47, "amount": 325, "status": "L"}}, {"model": "yaas.Bid", "pk": 1, "fields": {"auction": 1, "user": 50, "amount": 336, "status": "L"}}, {"model": "yaas.Bid", "pk": 2, "fields": {"auction": 2, "user": 32, "amount": 751, "status": "L"}}, {"model": "yaas.Bid", "pk": 3, "fields": {"auction": 3, "user": 20, "amount": 163, "status": "L"}}, {"model": "yaas.Bid", "pk": 4, "fields": {"auction": 4, "user": 7, "amount": 230, "status": "L"}}, {"model": "yaas.Bid", "pk": 5, "fields": {"auction": 5, "user": 22, "amount": 510, "status": "L"}}, {"model": "yaas.Bid", "pk": 6, "fields": {"auction": 6, "user": 48, "amount": 311, "status": "L"}}, {"model": "yaas.Bid", "pk": 7, "fields": {"auction": 7, "user": 47, "amount": 255, "status": "L"}}, {"model": "yaas.Bid", "pk": 8, "fields": {"auction": 8, "user": 42, "amount": 176, "status": "L"}}, {"model": "yaas.Bid", "pk": 9, "fields": {"auction": 9, "user": 26, "amount": 955, "status": "W"}}, {"model": "yaas.Bid", "pk": 0, "fields": {"auction": 0, "user": 5, "amount": 541, "status": "L"}}, {"model": "yaas.Bid", "pk": 1, "fields": {"auction": 1, "user": 21, "amount": 262, "status": "L"}}, {"model": "yaas.Bid", "pk": 2, "fields": {"auction": 2, "user": 42, "amount": 63, "status": "L"}}, {"model": "yaas.Bid", "pk": 3, "fields": {"auction": 3, "user": 41, "amount": 627, "status": "L"}}, {"model": "yaas.Bid", "pk": 4, "fields": {"auction": 4, "user": 5, "amount": 856, "status": "W"}}, {"model": "yaas.Bid", "pk": 0, "fields": {"auction": 0, "user": 38, "amount": 65, "status": "L"}}, {"model": "yaas.Bid", "pk": 1, "fields": {"auction": 1, "user": 50, "amount": 112, "status": "L"}}, {"model": "yaas.Bid", "pk": 2, "fields": {"auction": 2, "user": 35, "amount": 555, "status": "L"}}, {"model": "yaas.Bid", "pk": 3, "fields": {"auction": 3, "user": 4, "amount": 452, "status": "L"}}, {"model": "yaas.Bid", "pk": 4, "fields": {"auction": 4, "user": 29, "amount": 117, "status": "L"}}, {"model": "yaas.Bid", "pk": 5, "fields": {"auction": 5, "user": 6, "amount": 311, "status": "L"}}, {"model": "yaas.Bid", "pk": 6, "fields": {"auction": 6, "user": 37, "amount": 690, "status": "L"}}, {"model": "yaas.Bid", "pk": 7, "fields": {"auction": 7, "user": 17, "amount": 635, "status": "L"}}, {"model": "yaas.Bid", "pk": 8, "fields": {"auction": 8, "user": 18, "amount": 308, "status": "L"}}, {"model": "yaas.Bid", "pk": 9, "fields": {"auction": 9, "user": 30, "amount": 973, "status": "W"}}, {"model": "yaas.Bid", "pk": 0, "fields": {"auction": 0, "user": 7, "amount": 203, "status": "L"}}, {"model": "yaas.Bid", "pk": 1, "fields": {"auction": 1, "user": 18, "amount": 953, "status": "W"}}, {"model": "yaas.Bid", "pk": 0, "fields": {"auction": 0, "user": 4, "amount": 82, "status": "L"}}, {"model": "yaas.Bid", "pk": 1, "fields": {"auction": 1, "user": 23, "amount": 737, "status": "L"}}, {"model": "yaas.Bid", "pk": 2, "fields": {"auction": 2, "user": 19, "amount": 944, "status": "W"}}, {"model": "yaas.Bid", "pk": 0, "fields": {"auction": 0, "user": 21, "amount": 352, "status": "L"}}, {"model": "yaas.Bid", "pk": 1, "fields": {"auction": 1, "user": 23, "amount": 378, "status": "L"}}, {"model": "yaas.Bid", "pk": 2, "fields": {"auction": 2, "user": 19, "amount": 434, "status": "L"}}, {"model": "yaas.Bid", "pk": 3, "fields": {"auction": 3, "user": 23, "amount": 33, "status": "L"}}, {"model": "yaas.Bid", "pk": 4, "fields": {"auction": 4, "user": 47, "amount": 601, "status": "L"}}, {"model": "yaas.Bid", "pk": 5, "fields": {"auction": 5, "user": 25, "amount": 695, "status": "L"}}, {"model": "yaas.Bid", "pk": 6, "fields": {"auction": 6, "user": 22, "amount": 85, "status": "L"}}, {"model": "yaas.Bid", "pk": 7, "fields": {"auction": 7, "user": 13, "amount": 621, "status": "L"}}, {"model": "yaas.Bid", "pk": 8, "fields": {"auction": 8, "user": 44, "amount": 522, "status": "L"}}, {"model": "yaas.Bid", "pk": 9, "fields": {"auction": 9, "user": 1, "amount": 958, "status": "W"}}, {"model": "yaas.Bid", "pk": 0, "fields": {"auction": 0, "user": 47, "amount": 938, "status": "W"}}, {"model": "yaas.Bid", "pk": 0, "fields": {"auction": 0, "user": 25, "amount": 99, "status": "L"}}, {"model": "yaas.Bid", "pk": 1, "fields": {"auction": 1, "user": 17, "amount": 645, "status": "L"}}, {"model": "yaas.Bid", "pk": 2, "fields": {"auction": 2, "user": 23, "amount": 480, "status": "L"}}, {"model": "yaas.Bid", "pk": 3, "fields": {"auction": 3, "user": 26, "amount": 408, "status": "L"}}, {"model": "yaas.Bid", "pk": 4, "fields": {"auction": 4, "user": 0, "amount": 42, "status": "L"}}, {"model": "yaas.Bid", "pk": 5, "fields": {"auction": 5, "user": 36, "amount": 901, "status": "W"}}, {"model": "yaas.Bid", "pk": 0, "fields": {"auction": 0, "user": 32, "amount": 680, "status": "L"}}, {"model": "yaas.Bid", "pk": 1, "fields": {"auction": 1, "user": 26, "amount": 98, "status": "L"}}, {"model": "yaas.Bid", "pk": 2, "fields": {"auction": 2, "user": 10, "amount": 809, "status": "W"}}, {"model": "yaas.Bid", "pk": 0, "fields": {"auction": 0, "user": 32, "amount": 171, "status": "L"}}, {"model": "yaas.Bid", "pk": 1, "fields": {"auction": 1, "user": 28, "amount": 732, "status": "L"}}, {"model": "yaas.Bid", "pk": 2, "fields": {"auction": 2, "user": 29, "amount": 204, "status": "L"}}, {"model": "yaas.Bid", "pk": 3, "fields": {"auction": 3, "user": 16, "amount": 725, "status": "L"}}, {"model": "yaas.Bid", "pk": 4, "fields": {"auction": 4, "user": 35, "amount": 241, "status": "L"}}, {"model": "yaas.Bid", "pk": 5, "fields": {"auction": 5, "user": 38, "amount": 384, "status": "L"}}, {"model": "yaas.Bid", "pk": 6, "fields": {"auction": 6, "user": 24, "amount": 737, "status": "L"}}, {"model": "yaas.Bid", "pk": 7, "fields": {"auction": 7, "user": 11, "amount": 715, "status": "L"}}, {"model": "yaas.Bid", "pk": 8, "fields": {"auction": 8, "user": 1, "amount": 774, "status": "L"}}, {"model": "yaas.Bid", "pk": 9, "fields": {"auction": 9, "user": 48, "amount": 862, "status": "W"}}, {"model": "yaas.Bid", "pk": 0, "fields": {"auction": 0, "user": 24, "amount": 856, "status": "W"}}, {"model": "yaas.Bid", "pk": 0, "fields": {"auction": 0, "user": 15, "amount": 350, "status": "L"}}, {"model": "yaas.Bid", "pk": 1, "fields": {"auction": 1, "user": 20, "amount": 168, "status": "L"}}, {"model": "yaas.Bid", "pk": 2, "fields": {"auction": 2, "user": 37, "amount": 145, "status": "L"}}, {"model": "yaas.Bid", "pk": 3, "fields": {"auction": 3, "user": 42, "amount": 879, "status": "W"}}, {"model": "yaas.Bid", "pk": 0, "fields": {"auction": 0, "user": 18, "amount": 620, "status": "L"}}, {"model": "yaas.Bid", "pk": 1, "fields": {"auction": 1, "user": 7, "amount": 388, "status": "L"}}, {"model": "yaas.Bid", "pk": 2, "fields": {"auction": 2, "user": 46, "amount": 336, "status": "L"}}, {"model": "yaas.Bid", "pk": 3, "fields": {"auction": 3, "user": 23, "amount": 29, "status": "L"}}, {"model": "yaas.Bid", "pk": 4, "fields": {"auction": 4, "user": 20, "amount": 568, "status": "L"}}, {"model": "yaas.Bid", "pk": 5, "fields": {"auction": 5, "user": 36, "amount": 863, "status": "W"}}, {"model": "yaas.Bid", "pk": 0, "fields": {"auction": 0, "user": 42, "amount": 552, "status": "L"}}, {"model": "yaas.Bid", "pk": 1, "fields": {"auction": 1, "user": 7, "amount": 78, "status": "L"}}, {"model": "yaas.Bid", "pk": 2, "fields": {"auction": 2, "user": 34, "amount": 876, "status": "W"}}, {"model": "yaas.Bid", "pk": 0, "fields": {"auction": 0, "user": 35, "amount": 781, "status": "L"}}, {"model": "yaas.Bid", "pk": 1, "fields": {"auction": 1, "user": 18, "amount": 273, "status": "L"}}, {"model": "yaas.Bid", "pk": 2, "fields": {"auction": 2, "user": 12, "amount": 451, "status": "L"}}, {"model": "yaas.Bid", "pk": 3, "fields": {"auction": 3, "user": 26, "amount": 43, "status": "L"}}, {"model": "yaas.Bid", "pk": 4, "fields": {"auction": 4, "user": 28, "amount": 224, "status": "L"}}, {"model": "yaas.Bid", "pk": 5, "fields": {"auction": 5, "user": 35, "amount": 81, "status": "L"}}, {"model": "yaas.Bid", "pk": 6, "fields": {"auction": 6, "user": 22, "amount": 701, "status": "L"}}, {"model": "yaas.Bid", "pk": 7, "fields": {"auction": 7, "user": 4, "amount": 464, "status": "L"}}, {"model": "yaas.Bid", "pk": 8, "fields": {"auction": 8, "user": 20, "amount": 993, "status": "W"}}, {"model": "yaas.Bid", "pk": 0, "fields": {"auction": 0, "user": 10, "amount": 886, "status": "W"}}, {"model": "yaas.Bid", "pk": 0, "fields": {"auction": 0, "user": 31, "amount": 252, "status": "L"}}, {"model": "yaas.Bid", "pk": 1, "fields": {"auction": 1, "user": 48, "amount": 556, "status": "L"}}, {"model": "yaas.Bid", "pk": 2, "fields": {"auction": 2, "user": 22, "amount": 483, "status": "L"}}, {"model": "yaas.Bid", "pk": 3, "fields": {"auction": 3, "user": 18, "amount": 679, "status": "L"}}, {"model": "yaas.Bid", "pk": 4, "fields": {"auction": 4, "user": 18, "amount": 668, "status": "L"}}, {"model": "yaas.Bid", "pk": 5, "fields": {"auction": 5, "user": 50, "amount": 504, "status": "L"}}, {"model": "yaas.Bid", "pk": 6, "fields": {"auction": 6, "user": 19, "amount": 559, "status": "L"}}, {"model": "yaas.Bid", "pk": 7, "fields": {"auction": 7, "user": 25, "amount": 330, "status": "L"}}, {"model": "yaas.Bid", "pk": 8, "fields": {"auction": 8, "user": 12, "amount": 637, "status": "L"}}, {"model": "yaas.Bid", "pk": 9, "fields": {"auction": 9, "user": 19, "amount": 863, "status": "W"}}, {"model": "yaas.Bid", "pk": 0, "fields": {"auction": 0, "user": 9, "amount": 567, "status": "L"}}, {"model": "yaas.Bid", "pk": 1, "fields": {"auction": 1, "user": 29, "amount": 335, "status": "L"}}, {"model": "yaas.Bid", "pk": 2, "fields": {"auction": 2, "user": 27, "amount": 150, "status": "L"}}, {"model": "yaas.Bid", "pk": 3, "fields": {"auction": 3, "user": 20, "amount": 468, "status": "L"}}, {"model": "yaas.Bid", "pk": 4, "fields": {"auction": 4, "user": 36, "amount": 686, "status": "L"}}, {"model": "yaas.Bid", "pk": 5, "fields": {"auction": 5, "user": 3, "amount": 460, "status": "L"}}, {"model": "yaas.Bid", "pk": 6, "fields": {"auction": 6, "user": 5, "amount": 521, "status": "L"}}, {"model": "yaas.Bid", "pk": 7, "fields": {"auction": 7, "user": 29, "amount": 899, "status": "W"}}, {"model": "yaas.Bid", "pk": 0, "fields": {"auction": 0, "user": 29, "amount": 595, "status": "L"}}, {"model": "yaas.Bid", "pk": 1, "fields": {"auction": 1, "user": 3, "amount": 101, "status": "L"}}, {"model": "yaas.Bid", "pk": 2, "fields": {"auction": 2, "user": 8, "amount": 773, "status": "L"}}, {"model": "yaas.Bid", "pk": 3, "fields": {"auction": 3, "user": 12, "amount": 413, "status": "L"}}, {"model": "yaas.Bid", "pk": 4, "fields": {"auction": 4, "user": 40, "amount": 265, "status": "L"}}, {"model": "yaas.Bid", "pk": 5, "fields": {"auction": 5, "user": 47, "amount": 279, "status": "L"}}, {"model": "yaas.Bid", "pk": 6, "fields": {"auction": 6, "user": 15, "amount": 801, "status": "W"}}, {"model": "yaas.Bid", "pk": 0, "fields": {"auction": 0, "user": 21, "amount": 602, "status": "L"}}, {"model": "yaas.Bid", "pk": 1, "fields": {"auction": 1, "user": 5, "amount": 254, "status": "L"}}, {"model": "yaas.Bid", "pk": 2, "fields": {"auction": 2, "user": 8, "amount": 170, "status": "L"}}, {"model": "yaas.Bid", "pk": 3, "fields": {"auction": 3, "user": 27, "amount": 5, "status": "L"}}, {"model": "yaas.Bid", "pk": 4, "fields": {"auction": 4, "user": 7, "amount": 408, "status": "L"}}, {"model": "yaas.Bid", "pk": 5, "fields": {"auction": 5, "user": 16, "amount": 767, "status": "L"}}, {"model": "yaas.Bid", "pk": 6, "fields": {"auction": 6, "user": 13, "amount": 636, "status": "L"}}, {"model": "yaas.Bid", "pk": 7, "fields": {"auction": 7, "user": 38, "amount": 374, "status": "L"}}, {"model": "yaas.Bid", "pk": 8, "fields": {"auction": 8, "user": 25, "amount": 126, "status": "L"}}, {"model": "yaas.Bid", "pk": 9, "fields": {"auction": 9, "user": 23, "amount": 999, "status": "W"}}, {"model": "yaas.Bid", "pk": 0, "fields": {"auction": 0, "user": 19, "amount": 75, "status": "L"}}, {"model": "yaas.Bid", "pk": 1, "fields": {"auction": 1, "user": 12, "amount": 121, "status": "L"}}, {"model": "yaas.Bid", "pk": 2, "fields": {"auction": 2, "user": 12, "amount": 344, "status": "L"}}, {"model": "yaas.Bid", "pk": 3, "fields": {"auction": 3, "user": 33, "amount": 281, "status": "L"}}, {"model": "yaas.Bid", "pk": 4, "fields": {"auction": 4, "user": 0, "amount": 674, "status": "L"}}, {"model": "yaas.Bid", "pk": 5, "fields": {"auction": 5, "user": 27, "amount": 98, "status": "L"}}, {"model": "yaas.Bid", "pk": 6, "fields": {"auction": 6, "user": 24, "amount": 459, "status": "L"}}, {"model": "yaas.Bid", "pk": 7, "fields": {"auction": 7, "user": 40, "amount": 204, "status": "L"}}, {"model": "yaas.Bid", "pk": 8, "fields": {"auction": 8, "user": 5, "amount": 943, "status": "W"}}, {"model": "yaas.Bid", "pk": 0, "fields": {"auction": 0, "user": 20, "amount": 503, "status": "L"}}, {"model": "yaas.Bid", "pk": 1, "fields": {"auction": 1, "user": 13, "amount": 984, "status": "W"}}, {"model": "yaas.Bid", "pk": 0, "fields": {"auction": 0, "user": 42, "amount": 486, "status": "L"}}, {"model": "yaas.Bid", "pk": 1, "fields": {"auction": 1, "user": 14, "amount": 434, "status": "L"}}, {"model": "yaas.Bid", "pk": 2, "fields": {"auction": 2, "user": 29, "amount": 639, "status": "L"}}, {"model": "yaas.Bid", "pk": 3, "fields": {"auction": 3, "user": 50, "amount": 352, "status": "L"}}, {"model": "yaas.Bid", "pk": 4, "fields": {"auction": 4, "user": 24, "amount": 101, "status": "L"}}, {"model": "yaas.Bid", "pk": 5, "fields": {"auction": 5, "user": 13, "amount": 481, "status": "L"}}, {"model": "yaas.Bid", "pk": 6, "fields": {"auction": 6, "user": 15, "amount": 475, "status": "L"}}, {"model": "yaas.Bid", "pk": 7, "fields": {"auction": 7, "user": 17, "amount": 637, "status": "L"}}, {"model": "yaas.Bid", "pk": 8, "fields": {"auction": 8, "user": 21, "amount": 566, "status": "L"}}, {"model": "yaas.Bid", "pk": 9, "fields": {"auction": 9, "user": 25, "amount": 850, "status": "W"}}, {"model": "yaas.Bid", "pk": 0, "fields": {"auction": 0, "user": 27, "amount": 882, "status": "W"}}, {"model": "yaas.Bid", "pk": 0, "fields": {"auction": 0, "user": 27, "amount": 774, "status": "L"}}, {"model": "yaas.Bid", "pk": 1, "fields": {"auction": 1, "user": 5, "amount": 314, "status": "L"}}, {"model": "yaas.Bid", "pk": 2, "fields": {"auction": 2, "user": 31, "amount": 613, "status": "L"}}, {"model": "yaas.Bid", "pk": 3, "fields": {"auction": 3, "user": 50, "amount": 127, "status": "L"}}, {"model": "yaas.Bid", "pk": 4, "fields": {"auction": 4, "user": 41, "amount": 919, "status": "W"}}, {"model": "yaas.Bid", "pk": 0, "fields": {"auction": 0, "user": 37, "amount": 571, "status": "L"}}, {"model": "yaas.Bid", "pk": 1, "fields": {"auction": 1, "user": 22, "amount": 653, "status": "L"}}, {"model": "yaas.Bid", "pk": 2, "fields": {"auction": 2, "user": 28, "amount": 307, "status": "L"}}, {"model": "yaas.Bid", "pk": 3, "fields": {"auction": 3, "user": 42, "amount": 83, "status": "L"}}, {"model": "yaas.Bid", "pk": 4, "fields": {"auction": 4, "user": 38, "amount": 528, "status": "L"}}, {"model": "yaas.Bid", "pk": 5, "fields": {"auction": 5, "user": 34, "amount": 982, "status": "W"}}, {"model": "yaas.Bid", "pk": 0, "fields": {"auction": 0, "user": 44, "amount": 189, "status": "L"}}, {"model": "yaas.Bid", "pk": 1, "fields": {"auction": 1, "user": 35, "amount": 676, "status": "L"}}, {"model": "yaas.Bid", "pk": 2, "fields": {"auction": 2, "user": 30, "amount": 219, "status": "L"}}, {"model": "yaas.Bid", "pk": 3, "fields": {"auction": 3, "user": 13, "amount": 109, "status": "L"}}, {"model": "yaas.Bid", "pk": 4, "fields": {"auction": 4, "user": 22, "amount": 549, "status": "L"}}, {"model": "yaas.Bid", "pk": 5, "fields": {"auction": 5, "user": 25, "amount": 636, "status": "L"}}, {"model": "yaas.Bid", "pk": 6, "fields": {"auction": 6, "user": 47, "amount": 953, "status": "W"}}, {"model": "yaas.Bid", "pk": 0, "fields": {"auction": 0, "user": 42, "amount": 352, "status": "L"}}, {"model": "yaas.Bid", "pk": 1, "fields": {"auction": 1, "user": 43, "amount": 189, "status": "L"}}, {"model": "yaas.Bid", "pk": 2, "fields": {"auction": 2, "user": 35, "amount": 349, "status": "L"}}, {"model": "yaas.Bid", "pk": 3, "fields": {"auction": 3, "user": 30, "amount": 711, "status": "L"}}, {"model": "yaas.Bid", "pk": 4, "fields": {"auction": 4, "user": 42, "amount": 170, "status": "L"}}, {"model": "yaas.Bid", "pk": 5, "fields": {"auction": 5, "user": 12, "amount": 506, "status": "L"}}, {"model": "yaas.Bid", "pk": 6, "fields": {"auction": 6, "user": 32, "amount": 955, "status": "W"}}, {"model": "yaas.Bid", "pk": 0, "fields": {"auction": 0, "user": 27, "amount": 608, "status": "L"}}, {"model": "yaas.Bid", "pk": 1, "fields": {"auction": 1, "user": 38, "amount": 545, "status": "L"}}, {"model": "yaas.Bid", "pk": 2, "fields": {"auction": 2, "user": 10, "amount": 624, "status": "L"}}, {"model": "yaas.Bid", "pk": 3, "fields": {"auction": 3, "user": 12, "amount": 806, "status": "W"}}, {"model": "yaas.Bid", "pk": 0, "fields": {"auction": 0, "user": 36, "amount": 73, "status": "L"}}, {"model": "yaas.Bid", "pk": 1, "fields": {"auction": 1, "user": 24, "amount": 461, "status": "L"}}, {"model": "yaas.Bid", "pk": 2, "fields": {"auction": 2, "user": 40, "amount": 322, "status": "L"}}, {"model": "yaas.Bid", "pk": 3, "fields": {"auction": 3, "user": 13, "amount": 751, "status": "L"}}, {"model": "yaas.Bid", "pk": 4, "fields": {"auction": 4, "user": 34, "amount": 474, "status": "L"}}, {"model": "yaas.Bid", "pk": 5, "fields": {"auction": 5, "user": 44, "amount": 703, "status": "L"}}, {"model": "yaas.Bid", "pk": 6, "fields": {"auction": 6, "user": 39, "amount": 241, "status": "L"}}, {"model": "yaas.Bid", "pk": 7, "fields": {"auction": 7, "user": 30, "amount": 260, "status": "L"}}, {"model": "yaas.Bid", "pk": 8, "fields": {"auction": 8, "user": 32, "amount": 884, "status": "W"}}, {"model": "yaas.Bid", "pk": 0, "fields": {"auction": 0, "user": 31, "amount": 190, "status": "L"}}, {"model": "yaas.Bid", "pk": 1, "fields": {"auction": 1, "user": 2, "amount": 878, "status": "W"}}, {"model": "yaas.Bid", "pk": 0, "fields": {"auction": 0, "user": 11, "amount": 87, "status": "L"}}, {"model": "yaas.Bid", "pk": 1, "fields": {"auction": 1, "user": 25, "amount": 290, "status": "L"}}, {"model": "yaas.Bid", "pk": 2, "fields": {"auction": 2, "user": 44, "amount": 451, "status": "L"}}, {"model": "yaas.Bid", "pk": 3, "fields": {"auction": 3, "user": 49, "amount": 343, "status": "L"}}, {"model": "yaas.Bid", "pk": 4, "fields": {"auction": 4, "user": 11, "amount": 415, "status": "L"}}, {"model": "yaas.Bid", "pk": 5, "fields": {"auction": 5, "user": 48, "amount": 247, "status": "L"}}, {"model": "yaas.Bid", "pk": 6, "fields": {"auction": 6, "user": 26, "amount": 966, "status": "W"}}, {"model": "yaas.Bid", "pk": 0, "fields": {"auction": 0, "user": 45, "amount": 463, "status": "L"}}, {"model": "yaas.Bid", "pk": 1, "fields": {"auction": 1, "user": 33, "amount": 166, "status": "L"}}, {"model": "yaas.Bid", "pk": 2, "fields": {"auction": 2, "user": 22, "amount": 236, "status": "L"}}, {"model": "yaas.Bid", "pk": 3, "fields": {"auction": 3, "user": 6, "amount": 666, "status": "L"}}, {"model": "yaas.Bid", "pk": 4, "fields": {"auction": 4, "user": 31, "amount": 140, "status": "L"}}, {"model": "yaas.Bid", "pk": 5, "fields": {"auction": 5, "user": 30, "amount": 762, "status": "L"}}, {"model": "yaas.Bid", "pk": 6, "fields": {"auction": 6, "user": 35, "amount": 528, "status": "L"}}, {"model": "yaas.Bid", "pk": 7, "fields": {"auction": 7, "user": 17, "amount": 991, "status": "W"}}, {"model": "yaas.Bid", "pk": 0, "fields": {"auction": 0, "user": 1, "amount": 494, "status": "L"}}, {"model": "yaas.Bid", "pk": 1, "fields": {"auction": 1, "user": 36, "amount": 151, "status": "L"}}, {"model": "yaas.Bid", "pk": 2, "fields": {"auction": 2, "user": 33, "amount": 824, "status": "W"}}, {"model": "yaas.Bid", "pk": 0, "fields": {"auction": 0, "user": 33, "amount": 289, "status": "L"}}, {"model": "yaas.Bid", "pk": 1, "fields": {"auction": 1, "user": 19, "amount": 108, "status": "L"}}, {"model": "yaas.Bid", "pk": 2, "fields": {"auction": 2, "user": 16, "amount": 620, "status": "L"}}, {"model": "yaas.Bid", "pk": 3, "fields": {"auction": 3, "user": 10, "amount": 601, "status": "L"}}, {"model": "yaas.Bid", "pk": 4, "fields": {"auction": 4, "user": 47, "amount": 308, "status": "L"}}, {"model": "yaas.Bid", "pk": 5, "fields": {"auction": 5, "user": 35, "amount": 24, "status": "L"}}, {"model": "yaas.Bid", "pk": 6, "fields": {"auction": 6, "user": 37, "amount": 79, "status": "L"}}, {"model": "yaas.Bid", "pk": 7, "fields": {"auction": 7, "user": 9, "amount": 746, "status": "L"}}, {"model": "yaas.Bid", "pk": 8, "fields": {"auction": 8, "user": 29, "amount": 972, "status": "W"}}, {"model": "yaas.Bid", "pk": 0, "fields": {"auction": 0, "user": 11, "amount": 7, "status": "L"}}, {"model": "yaas.Bid", "pk": 1, "fields": {"auction": 1, "user": 0, "amount": 437, "status": "L"}}, {"model": "yaas.Bid", "pk": 2, "fields": {"auction": 2, "user": 28, "amount": 355, "status": "L"}}, {"model": "yaas.Bid", "pk": 3, "fields": {"auction": 3, "user": 41, "amount": 254, "status": "L"}}, {"model": "yaas.Bid", "pk": 4, "fields": {"auction": 4, "user": 22, "amount": 204, "status": "L"}}, {"model": "yaas.Bid", "pk": 5, "fields": {"auction": 5, "user": 41, "amount": 285, "status": "L"}}, {"model": "yaas.Bid", "pk": 6, "fields": {"auction": 6, "user": 35, "amount": 874, "status": "W"}}, {"model": "yaas.Bid", "pk": 0, "fields": {"auction": 0, "user": 41, "amount": 395, "status": "L"}}, {"model": "yaas.Bid", "pk": 1, "fields": {"auction": 1, "user": 27, "amount": 846, "status": "W"}}, {"model": "yaas.Bid", "pk": 0, "fields": {"auction": 0, "user": 15, "amount": 258, "status": "L"}}, {"model": "yaas.Bid", "pk": 1, "fields": {"auction": 1, "user": 24, "amount": 843, "status": "W"}}, {"model": "yaas.Bid", "pk": 0, "fields": {"auction": 0, "user": 1, "amount": 978, "status": "W"}}, {"model": "yaas.Bid", "pk": 0, "fields": {"auction": 0, "user": 26, "amount": 622, "status": "L"}}, {"model": "yaas.Bid", "pk": 1, "fields": {"auction": 1, "user": 25, "amount": 593, "status": "L"}}, {"model": "yaas.Bid", "pk": 2, "fields": {"auction": 2, "user": 6, "amount": 510, "status": "L"}}, {"model": "yaas.Bid", "pk": 3, "fields": {"auction": 3, "user": 7, "amount": 903, "status": "W"}}, {"model": "yaas.Bid", "pk": 0, "fields": {"auction": 0, "user": 15, "amount": 765, "status": "L"}}, {"model": "yaas.Bid", "pk": 1, "fields": {"auction": 1, "user": 13, "amount": 723, "status": "L"}}, {"model": "yaas.Bid", "pk": 2, "fields": {"auction": 2, "user": 0, "amount": 513, "status": "L"}}, {"model": "yaas.Bid", "pk": 3, "fields": {"auction": 3, "user": 33, "amount": 478, "status": "L"}}, {"model": "yaas.Bid", "pk": 4, "fields": {"auction": 4, "user": 6, "amount": 189, "status": "L"}}, {"model": "yaas.Bid", "pk": 5, "fields": {"auction": 5, "user": 16, "amount": 555, "status": "L"}}, {"model": "yaas.Bid", "pk": 6, "fields": {"auction": 6, "user": 30, "amount": 805, "status": "W"}}, {"model": "yaas.Bid", "pk": 0, "fields": {"auction": 0, "user": 20, "amount": 566, "status": "L"}}, {"model": "yaas.Bid", "pk": 1, "fields": {"auction": 1, "user": 36, "amount": 579, "status": "L"}}, {"model": "yaas.Bid", "pk": 2, "fields": {"auction": 2, "user": 47, "amount": 447, "status": "L"}}, {"model": "yaas.Bid", "pk": 3, "fields": {"auction": 3, "user": 35, "amount": 659, "status": "L"}}, {"model": "yaas.Bid", "pk": 4, "fields": {"auction": 4, "user": 45, "amount": 743, "status": "L"}}, {"model": "yaas.Bid", "pk": 5, "fields": {"auction": 5, "user": 14, "amount": 178, "status": "L"}}, {"model": "yaas.Bid", "pk": 6, "fields": {"auction": 6, "user": 2, "amount": 906, "status": "W"}}, {"model": "yaas.Bid", "pk": 0, "fields": {"auction": 0, "user": 1, "amount": 71, "status": "L"}}, {"model": "yaas.Bid", "pk": 1, "fields": {"auction": 1, "user": 33, "amount": 283, "status": "L"}}, {"model": "yaas.Bid", "pk": 2, "fields": {"auction": 2, "user": 15, "amount": 819, "status": "W"}}, {"model": "yaas.Bid", "pk": 0, "fields": {"auction": 0, "user": 49, "amount": 367, "status": "L"}}, {"model": "yaas.Bid", "pk": 1, "fields": {"auction": 1, "user": 48, "amount": 271, "status": "L"}}, {"model": "yaas.Bid", "pk": 2, "fields": {"auction": 2, "user": 18, "amount": 463, "status": "L"}}, {"model": "yaas.Bid", "pk": 3, "fields": {"auction": 3, "user": 17, "amount": 222, "status": "L"}}, {"model": "yaas.Bid", "pk": 4, "fields": {"auction": 4, "user": 31, "amount": 502, "status": "L"}}, {"model": "yaas.Bid", "pk": 5, "fields": {"auction": 5, "user": 20, "amount": 235, "status": "L"}}, {"model": "yaas.Bid", "pk": 6, "fields": {"auction": 6, "user": 2, "amount": 66, "status": "L"}}, {"model": "yaas.Bid", "pk": 7, "fields": {"auction": 7, "user": 26, "amount": 806, "status": "W"}}, {"model": "yaas.Bid", "pk": 0, "fields": {"auction": 0, "user": 45, "amount": 129, "status": "L"}}, {"model": "yaas.Bid", "pk": 1, "fields": {"auction": 1, "user": 48, "amount": 689, "status": "L"}}, {"model": "yaas.Bid", "pk": 2, "fields": {"auction": 2, "user": 33, "amount": 492, "status": "L"}}, {"model": "yaas.Bid", "pk": 3, "fields": {"auction": 3, "user": 46, "amount": 992, "status": "W"}}, {"model": "yaas.Bid", "pk": 0, "fields": {"auction": 0, "user": 13, "amount": 370, "status": "L"}}, {"model": "yaas.Bid", "pk": 1, "fields": {"auction": 1, "user": 15, "amount": 546, "status": "L"}}, {"model": "yaas.Bid", "pk": 2, "fields": {"auction": 2, "user": 47, "amount": 613, "status": "L"}}, {"model": "yaas.Bid", "pk": 3, "fields": {"auction": 3, "user": 26, "amount": 397, "status": "L"}}, {"model": "yaas.Bid", "pk": 4, "fields": {"auction": 4, "user": 25, "amount": 771, "status": "L"}}, {"model": "yaas.Bid", "pk": 5, "fields": {"auction": 5, "user": 13, "amount": 291, "status": "L"}}, {"model": "yaas.Bid", "pk": 6, "fields": {"auction": 6, "user": 43, "amount": 497, "status": "L"}}, {"model": "yaas.Bid", "pk": 7, "fields": {"auction": 7, "user": 19, "amount": 529, "status": "L"}}, {"model": "yaas.Bid", "pk": 8, "fields": {"auction": 8, "user": 20, "amount": 543, "status": "L"}}, {"model": "yaas.Bid", "pk": 9, "fields": {"auction": 9, "user": 27, "amount": 810, "status": "W"}}]